{
  "user_id": "d27d37b1cdb75872686134589fb929e3c2a3cbf285ebe6ca76f207c0d6e20ae2",
  "dashboard": "finance_pro",
  "collected_at": "2025-11-15T08:44:56.687376",
  "metrics": {
    "total_revenue": 1029.66,
    "num_orders": 44,
    "avg_order_value": 23.401363636363637,
    "top_products_revenue": {
      "Red String Bracelet, Red Bracelet For Protection, Kabbalah Bracelet, Red String Bracelet, Bracelet Couple, Thread Bracelet, Lucky Bracelet": 455.56,
      "Personalized Mens Bracelet, Mens Leather Bracelet, Engraved Name Bracelet, Valentines Gift For Him,Custom Bracelet With Message,Leather Cuff": 204.0,
      "Make a wish, fine black cord bracelet with a small 925 silver bead, Kabbalah bracelet, thread with a single bead": 96.91,
      "Thumb Ring For Women, Rings For Women, Thumb Ring, Silver Ring, Thin Thumb Ring, Simple Rings For Women, Silver Thumb Ring,Dainty Thumb Ring": 52.2,
      "Infinity Bracelet, Couples Bracelet, Infinity Bracelet Men, Thread Bracelet, His And Her Bracelet, Eternity Charm Bracelet, Adjustable, Gift": 46.68
    },
    "monthly_trend": {
      "2024-01": 140.5,
      "2024-02": 205.78,
      "2024-03": 309.14,
      "2024-04": 171.57,
      "2024-05": 83.28999999999999,
      "2024-06": 47.42,
      "2024-07": 53.97,
      "2024-08": 17.99
    },
    "category_distribution": {
      "Non catégorisé": 44
    },
    "avg_cost": 0.0,
    "total_cost": 0.0,
    "monthly_avg_basket": {
      "2024-01": 17.5625,
      "2024-02": 18.707272727272727,
      "2024-03": 44.16285714285714,
      "2024-04": 24.509999999999998,
      "2024-05": 20.822499999999998,
      "2024-06": 15.806666666666667,
      "2024-07": 17.99,
      "2024-08": 17.99
    }
  }
}